rmse,r2,mae,coverage_95
43.542048238847045,0.3382753803887585,33.33432737032018,0.9583333333333334
